"Check","Name","Value"
"UnquotedServicePath","AJRouter","C:\Windows\system32\svchost.exe -k LocalServiceNetworkRestricted -p"
"UnquotedServicePath","AppIDSvc","C:\Windows\system32\svchost.exe -k LocalServiceNetworkRestricted -p"
"UnquotedServicePath","Appinfo","C:\Windows\system32\svchost.exe -k netsvcs -p"
"UnquotedServicePath","AppMgmt","C:\Windows\system32\svchost.exe -k netsvcs -p"
"UnquotedServicePath","AppReadiness","C:\Windows\System32\svchost.exe -k AppReadiness -p"
"UnquotedServicePath","AppXSvc","C:\Windows\system32\svchost.exe -k wsappx -p"
"UnquotedServicePath","AudioEndpointBuilder","C:\Windows\System32\svchost.exe -k LocalSystemNetworkRestricted -p"
"UnquotedServicePath","Audiosrv","C:\Windows\System32\svchost.exe -k LocalServiceNetworkRestricted -p"
"UnquotedServicePath","AxInstSV","C:\Windows\system32\svchost.exe -k AxInstSVGroup"
"UnquotedServicePath","BFE","C:\Windows\system32\svchost.exe -k LocalServiceNoNetworkFirewall -p"
"UnquotedServicePath","BITS","C:\Windows\System32\svchost.exe -k netsvcs -p"
"UnquotedServicePath","BrokerInfrastructure","C:\Windows\system32\svchost.exe -k DcomLaunch -p"
"UnquotedServicePath","bthserv","C:\Windows\system32\svchost.exe -k LocalService -p"
"UnquotedServicePath","camsvc","C:\Windows\system32\svchost.exe -k appmodel -p"
"UnquotedServicePath","CDPSvc","C:\Windows\system32\svchost.exe -k LocalService -p"
"UnquotedServicePath","CertPropSvc","C:\Windows\system32\svchost.exe -k netsvcs"
"UnquotedServicePath","ClipSVC","C:\Windows\System32\svchost.exe -k wsappx -p"
"UnquotedServicePath","COMSysApp","C:\Windows\system32\dllhost.exe /Processid:{02D4B3F1-FD88-11D1-960D-00805FC79235}"
"UnquotedServicePath","CoreMessagingRegistrar","C:\Windows\system32\svchost.exe -k LocalServiceNoNetwork -p"
"UnquotedServicePath","CryptSvc","C:\Windows\system32\svchost.exe -k NetworkService -p"
"UnquotedServicePath","CscService","C:\Windows\System32\svchost.exe -k LocalSystemNetworkRestricted -p"
"UnquotedServicePath","DcomLaunch","C:\Windows\system32\svchost.exe -k DcomLaunch -p"
"UnquotedServicePath","defragsvc","C:\Windows\system32\svchost.exe -k defragsvc"
"UnquotedServicePath","DeviceAssociationService","C:\Windows\system32\svchost.exe -k LocalSystemNetworkRestricted -p"
"UnquotedServicePath","DeviceInstall","C:\Windows\system32\svchost.exe -k DcomLaunch -p"
"UnquotedServicePath","DevQueryBroker","C:\Windows\system32\svchost.exe -k LocalSystemNetworkRestricted -p"
"UnquotedServicePath","Dhcp","C:\Windows\system32\svchost.exe -k LocalServiceNetworkRestricted -p"
"UnquotedServicePath","DiagTrack","C:\Windows\System32\svchost.exe -k utcsvc -p"
"UnquotedServicePath","DispBrokerDesktopSvc","C:\Windows\system32\svchost.exe -k LocalService -p"
"UnquotedServicePath","DmEnrollmentSvc","C:\Windows\system32\svchost.exe -k netsvcs -p"
"UnquotedServicePath","dmwappushservice","C:\Windows\system32\svchost.exe -k netsvcs -p"
"UnquotedServicePath","Dnscache","C:\Windows\system32\svchost.exe -k NetworkService -p"
"UnquotedServicePath","DoSvc","C:\Windows\System32\svchost.exe -k NetworkService -p"
"UnquotedServicePath","dot3svc","C:\Windows\system32\svchost.exe -k LocalSystemNetworkRestricted -p"
"UnquotedServicePath","DPS","C:\Windows\System32\svchost.exe -k LocalServiceNoNetwork -p"
"UnquotedServicePath","DsmSvc","C:\Windows\system32\svchost.exe -k netsvcs -p"
"UnquotedServicePath","DsSvc","C:\Windows\System32\svchost.exe -k LocalSystemNetworkRestricted -p"
"UnquotedServicePath","EapHost","C:\Windows\System32\svchost.exe -k netsvcs -p"
"UnquotedServicePath","embeddedmode","C:\Windows\System32\svchost.exe -k LocalSystemNetworkRestricted -p"
"UnquotedServicePath","EntAppSvc","C:\Windows\system32\svchost.exe -k appmodel -p"
"UnquotedServicePath","EventLog","C:\Windows\System32\svchost.exe -k LocalServiceNetworkRestricted -p"
"UnquotedServicePath","EventSystem","C:\Windows\system32\svchost.exe -k LocalService -p"
"UnquotedServicePath","fdPHost","C:\Windows\system32\svchost.exe -k LocalService -p"
"UnquotedServicePath","FDResPub","C:\Windows\system32\svchost.exe -k LocalServiceAndNoImpersonation -p"
"UnquotedServicePath","FontCache","C:\Windows\system32\svchost.exe -k LocalService -p"
"UnquotedServicePath","FrameServer","C:\Windows\System32\svchost.exe -k Camera"
"UnquotedServicePath","FrameServerMonitor","C:\Windows\System32\svchost.exe -k CameraMonitor"
"UnquotedServicePath","gpsvc","C:\Windows\system32\svchost.exe -k netsvcs -p"
"UnquotedServicePath","GraphicsPerfSvc","C:\Windows\System32\svchost.exe -k GraphicsPerfSvcGroup"
"UnquotedServicePath","hidserv","C:\Windows\system32\svchost.exe -k LocalSystemNetworkRestricted -p"
"UnquotedServicePath","HvHost","C:\Windows\system32\svchost.exe -k LocalSystemNetworkRestricted -p"
"UnquotedServicePath","IKEEXT","C:\Windows\system32\svchost.exe -k netsvcs -p"
"UnquotedServicePath","InstallService","C:\Windows\System32\svchost.exe -k netsvcs -p"
"UnquotedServicePath","iphlpsvc","C:\Windows\System32\svchost.exe -k NetSvcs -p"
"UnquotedServicePath","KPSSVC","C:\Windows\system32\svchost.exe -k KpsSvcGroup"
"UnquotedServicePath","KtmRm","C:\Windows\System32\svchost.exe -k NetworkServiceAndNoImpersonation -p"
"UnquotedServicePath","LanmanServer","C:\Windows\System32\svchost.exe -k smbsvcs"
"UnquotedServicePath","LanmanWorkstation","C:\Windows\System32\svchost.exe -k NetworkService -p"
"UnquotedServicePath","lfsvc","C:\Windows\system32\svchost.exe -k netsvcs -p"
"UnquotedServicePath","LicenseManager","C:\Windows\System32\svchost.exe -k LocalService -p"
"UnquotedServicePath","lltdsvc","C:\Windows\System32\svchost.exe -k LocalService -p"
"UnquotedServicePath","lmhosts","C:\Windows\System32\svchost.exe -k LocalServiceNetworkRestricted -p"
"UnquotedServicePath","LSM","C:\Windows\system32\svchost.exe -k DcomLaunch -p"
"UnquotedServicePath","MapsBroker","C:\Windows\System32\svchost.exe -k NetworkService -p"
"UnquotedServicePath","McpManagementService","C:\Windows\system32\svchost.exe -k McpManagementServiceGroup"
"UnquotedServicePath","mpssvc","C:\Windows\system32\svchost.exe -k LocalServiceNoNetworkFirewall -p"
"UnquotedServicePath","MSiSCSI","C:\Windows\system32\svchost.exe -k netsvcs -p"
"UnquotedServicePath","msiserver","C:\Windows\system32\msiexec.exe /V"
"UnquotedServicePath","NcaSvc","C:\Windows\System32\svchost.exe -k NetSvcs -p"
"UnquotedServicePath","NcbService","C:\Windows\System32\svchost.exe -k LocalSystemNetworkRestricted -p"
"UnquotedServicePath","Netman","C:\Windows\System32\svchost.exe -k LocalSystemNetworkRestricted -p"
"UnquotedServicePath","netprofm","C:\Windows\System32\svchost.exe -k LocalService -p"
"UnquotedServicePath","NetSetupSvc","C:\Windows\System32\svchost.exe -k netsvcs -p"
"UnquotedServicePath","NgcCtnrSvc","C:\Windows\system32\svchost.exe -k LocalServiceNetworkRestricted -p"
"UnquotedServicePath","NgcSvc","C:\Windows\system32\svchost.exe -k LocalSystemNetworkRestricted -p"
"UnquotedServicePath","NlaSvc","C:\Windows\System32\svchost.exe -k NetworkService -p"
"UnquotedServicePath","nsi","C:\Windows\system32\svchost.exe -k LocalService -p"
"UnquotedServicePath","PcaSvc","C:\Windows\system32\svchost.exe -k LocalSystemNetworkRestricted -p"
"UnquotedServicePath","pla","C:\Windows\System32\svchost.exe -k LocalServiceNoNetwork -p"
"UnquotedServicePath","PlugPlay","C:\Windows\system32\svchost.exe -k DcomLaunch -p"
"UnquotedServicePath","PolicyAgent","C:\Windows\system32\svchost.exe -k NetworkServiceNetworkRestricted -p"
"UnquotedServicePath","Power","C:\Windows\system32\svchost.exe -k DcomLaunch -p"
"UnquotedServicePath","PrintNotify","C:\Windows\system32\svchost.exe -k print"
"UnquotedServicePath","ProfSvc","C:\Windows\system32\svchost.exe -k netsvcs -p"
"UnquotedServicePath","PushToInstall","C:\Windows\System32\svchost.exe -k netsvcs -p"
"UnquotedServicePath","QWAVE","C:\Windows\system32\svchost.exe -k LocalServiceAndNoImpersonation -p"
"UnquotedServicePath","RasAuto","C:\Windows\System32\svchost.exe -k netsvcs -p"
"UnquotedServicePath","RasMan","C:\Windows\System32\svchost.exe -k netsvcs"
"UnquotedServicePath","RemoteAccess","C:\Windows\System32\svchost.exe -k netsvcs"
"UnquotedServicePath","RemoteRegistry","C:\Windows\system32\svchost.exe -k localService -p"
"UnquotedServicePath","RmSvc","C:\Windows\System32\svchost.exe -k LocalServiceNetworkRestricted"
"UnquotedServicePath","RpcEptMapper","C:\Windows\system32\svchost.exe -k RPCSS -p"
"UnquotedServicePath","RpcSs","C:\Windows\system32\svchost.exe -k rpcss -p"
"UnquotedServicePath","sacsvr","C:\Windows\System32\svchost.exe -k netsvcs -p"
"UnquotedServicePath","SCardSvr","C:\Windows\system32\svchost.exe -k LocalServiceAndNoImpersonation"
"UnquotedServicePath","ScDeviceEnum","C:\Windows\system32\svchost.exe -k LocalSystemNetworkRestricted"
"UnquotedServicePath","Schedule","C:\Windows\system32\svchost.exe -k netsvcs -p"
"UnquotedServicePath","SCPolicySvc","C:\Windows\system32\svchost.exe -k netsvcs"
"UnquotedServicePath","seclogon","C:\Windows\system32\svchost.exe -k netsvcs -p"
"UnquotedServicePath","SEMgrSvc","C:\Windows\system32\svchost.exe -k LocalService -p"
"UnquotedServicePath","SENS","C:\Windows\system32\svchost.exe -k netsvcs -p"
"UnquotedServicePath","SensorService","C:\Windows\system32\svchost.exe -k LocalSystemNetworkRestricted -p"
"UnquotedServicePath","SensrSvc","C:\Windows\system32\svchost.exe -k LocalServiceAndNoImpersonation -p"
"UnquotedServicePath","SessionEnv","C:\Windows\System32\svchost.exe -k netsvcs -p"
"UnquotedServicePath","SharedAccess","C:\Windows\System32\svchost.exe -k netsvcs -p"
"UnquotedServicePath","ShellHWDetection","C:\Windows\System32\svchost.exe -k netsvcs -p"
"UnquotedServicePath","shpamsvc","C:\Windows\System32\svchost.exe -k netsvcs -p"
"UnquotedServicePath","smphost","C:\Windows\System32\svchost.exe -k smphost"
"UnquotedServicePath","SSDPSRV","C:\Windows\system32\svchost.exe -k LocalServiceAndNoImpersonation -p"
"UnquotedServicePath","SstpSvc","C:\Windows\system32\svchost.exe -k LocalService -p"
"UnquotedServicePath","StateRepository","C:\Windows\system32\svchost.exe -k appmodel -p"
"UnquotedServicePath","StiSvc","C:\Windows\system32\svchost.exe -k imgsvc"
"UnquotedServicePath","StorSvc","C:\Windows\System32\svchost.exe -k LocalSystemNetworkRestricted -p"
"UnquotedServicePath","svsvc","C:\Windows\system32\svchost.exe -k LocalSystemNetworkRestricted -p"
"UnquotedServicePath","swprv","C:\Windows\System32\svchost.exe -k swprv"
"UnquotedServicePath","SysMain","C:\Windows\system32\svchost.exe -k LocalSystemNetworkRestricted -p"
"UnquotedServicePath","SystemEventsBroker","C:\Windows\system32\svchost.exe -k DcomLaunch -p"
"UnquotedServicePath","TabletInputService","C:\Windows\System32\svchost.exe -k LocalSystemNetworkRestricted -p"
"UnquotedServicePath","tapisrv","C:\Windows\System32\svchost.exe -k NetworkService -p"
"UnquotedServicePath","TermService","C:\Windows\System32\svchost.exe -k termsvcs"
"UnquotedServicePath","Themes","C:\Windows\System32\svchost.exe -k netsvcs -p"
"UnquotedServicePath","TimeBrokerSvc","C:\Windows\system32\svchost.exe -k LocalServiceNetworkRestricted -p"
"UnquotedServicePath","TokenBroker","C:\Windows\system32\svchost.exe -k netsvcs -p"
"UnquotedServicePath","TrkWks","C:\Windows\System32\svchost.exe -k LocalSystemNetworkRestricted -p"
"UnquotedServicePath","tzautoupdate","C:\Windows\system32\svchost.exe -k LocalService -p"
"UnquotedServicePath","UALSVC","C:\Windows\system32\svchost.exe -k LocalSystemNetworkRestricted -p"
"UnquotedServicePath","UmRdpService","C:\Windows\System32\svchost.exe -k LocalSystemNetworkRestricted -p"
"UnquotedServicePath","upnphost","C:\Windows\system32\svchost.exe -k LocalServiceAndNoImpersonation -p"
"UnquotedServicePath","UserManager","C:\Windows\system32\svchost.exe -k netsvcs -p"
"UnquotedServicePath","UsoSvc","C:\Windows\system32\svchost.exe -k netsvcs -p"
"UnquotedServicePath","vmicguestinterface","C:\Windows\system32\svchost.exe -k LocalSystemNetworkRestricted -p"
"UnquotedServicePath","vmicheartbeat","C:\Windows\system32\svchost.exe -k ICService -p"
"UnquotedServicePath","vmickvpexchange","C:\Windows\system32\svchost.exe -k LocalSystemNetworkRestricted -p"
"UnquotedServicePath","vmicshutdown","C:\Windows\system32\svchost.exe -k LocalSystemNetworkRestricted -p"
"UnquotedServicePath","vmictimesync","C:\Windows\system32\svchost.exe -k LocalServiceNetworkRestricted -p"
"UnquotedServicePath","vmicvmsession","C:\Windows\system32\svchost.exe -k LocalSystemNetworkRestricted -p"
"UnquotedServicePath","vmicvss","C:\Windows\system32\svchost.exe -k LocalSystemNetworkRestricted -p"
"UnquotedServicePath","W32Time","C:\Windows\system32\svchost.exe -k LocalService"
"UnquotedServicePath","WaaSMedicSvc","C:\Windows\system32\svchost.exe -k wusvcs -p"
"UnquotedServicePath","WalletService","C:\Windows\System32\svchost.exe -k appmodel -p"
"UnquotedServicePath","WarpJITSvc","C:\Windows\System32\svchost.exe -k LocalServiceNetworkRestricted"
"UnquotedServicePath","WbioSrvc","C:\Windows\system32\svchost.exe -k WbioSvcGroup"
"UnquotedServicePath","Wcmsvc","C:\Windows\system32\svchost.exe -k LocalServiceNetworkRestricted -p"
"UnquotedServicePath","WdiServiceHost","C:\Windows\System32\svchost.exe -k LocalService -p"
"UnquotedServicePath","WdiSystemHost","C:\Windows\System32\svchost.exe -k LocalSystemNetworkRestricted -p"
"UnquotedServicePath","Wecsvc","C:\Windows\system32\svchost.exe -k NetworkService -p"
"UnquotedServicePath","WEPHOSTSVC","C:\Windows\system32\svchost.exe -k WepHostSvcGroup"
"UnquotedServicePath","wercplsupport","C:\Windows\System32\svchost.exe -k netsvcs -p"
"UnquotedServicePath","WerSvc","C:\Windows\System32\svchost.exe -k WerSvcGroup"
"UnquotedServicePath","WiaRpc","C:\Windows\system32\svchost.exe -k LocalSystemNetworkRestricted -p"
"UnquotedServicePath","WinHttpAutoProxySvc","C:\Windows\system32\svchost.exe -k LocalServiceNetworkRestricted -p"
"UnquotedServicePath","Winmgmt","C:\Windows\system32\svchost.exe -k netsvcs -p"
"UnquotedServicePath","WinRM","C:\Windows\System32\svchost.exe -k NetworkService -p"
"UnquotedServicePath","wisvc","C:\Windows\system32\svchost.exe -k netsvcs -p"
"UnquotedServicePath","wlidsvc","C:\Windows\system32\svchost.exe -k netsvcs -p"
"UnquotedServicePath","WPDBusEnum","C:\Windows\system32\svchost.exe -k LocalSystemNetworkRestricted"
"UnquotedServicePath","WpnService","C:\Windows\system32\svchost.exe -k netsvcs -p"
"UnquotedServicePath","WSearch","C:\Windows\system32\SearchIndexer.exe /Embedding"
"UnquotedServicePath","wuauserv","C:\Windows\system32\svchost.exe -k netsvcs -p"
"UnquotedServicePath","CaptureService_2425df","C:\Windows\system32\svchost.exe -k LocalService -p"
"UnquotedServicePath","cbdhsvc_2425df","C:\Windows\system32\svchost.exe -k ClipboardSvcGroup -p"
"UnquotedServicePath","CDPUserSvc_2425df","C:\Windows\system32\svchost.exe -k UnistackSvcGroup"
"UnquotedServicePath","ConsentUxUserSvc_2425df","C:\Windows\system32\svchost.exe -k DevicesFlow"
"UnquotedServicePath","DeviceAssociationBrokerSvc_2425df","C:\Windows\system32\svchost.exe -k DevicesFlow -p"
"UnquotedServicePath","DevicePickerUserSvc_2425df","C:\Windows\system32\svchost.exe -k DevicesFlow"
"UnquotedServicePath","DevicesFlowUserSvc_2425df","C:\Windows\system32\svchost.exe -k DevicesFlow"
"UnquotedServicePath","PimIndexMaintenanceSvc_2425df","C:\Windows\system32\svchost.exe -k UnistackSvcGroup"
"UnquotedServicePath","PrintWorkflowUserSvc_2425df","C:\Windows\system32\svchost.exe -k PrintWorkflow"
"UnquotedServicePath","UdkUserSvc_2425df","C:\Windows\system32\svchost.exe -k UdkSvcGroup"
"UnquotedServicePath","UnistoreSvc_2425df","C:\Windows\System32\svchost.exe -k UnistackSvcGroup"
"UnquotedServicePath","UserDataSvc_2425df","C:\Windows\system32\svchost.exe -k UnistackSvcGroup"
"UnquotedServicePath","WpnUserService_2425df","C:\Windows\system32\svchost.exe -k UnistackSvcGroup"
"ScheduledTasks","CreateExplorerShellUnelevatedTask","\"
"ScheduledTasks","MicrosoftEdgeUpdateTaskMachineCore","\"
"ScheduledTasks","MicrosoftEdgeUpdateTaskMachineUA","\"
"ScheduledTasks","Server Initial Configuration Task","\Microsoft\Windows\"
"ScheduledTasks",".NET Framework NGEN v4.0.30319","\Microsoft\Windows\.NET Framework\"
"ScheduledTasks",".NET Framework NGEN v4.0.30319 64","\Microsoft\Windows\.NET Framework\"
"ScheduledTasks",".NET Framework NGEN v4.0.30319 64 Critical","\Microsoft\Windows\.NET Framework\"
"ScheduledTasks",".NET Framework NGEN v4.0.30319 Critical","\Microsoft\Windows\.NET Framework\"
"ScheduledTasks","AD RMS Rights Policy Template Management (Automated)","\Microsoft\Windows\Active Directory Rights Management Services Client\"
"ScheduledTasks","AD RMS Rights Policy Template Management (Manual)","\Microsoft\Windows\Active Directory Rights Management Services Client\"
"ScheduledTasks","EDP Policy Manager","\Microsoft\Windows\AppID\"
"ScheduledTasks","PolicyConverter","\Microsoft\Windows\AppID\"
"ScheduledTasks","VerifiedPublisherCertStoreCheck","\Microsoft\Windows\AppID\"
"ScheduledTasks","Microsoft Compatibility Appraiser","\Microsoft\Windows\Application Experience\"
"ScheduledTasks","PcaPatchDbTask","\Microsoft\Windows\Application Experience\"
"ScheduledTasks","ProgramDataUpdater","\Microsoft\Windows\Application Experience\"
"ScheduledTasks","StartupAppTask","\Microsoft\Windows\Application Experience\"
"ScheduledTasks","appuriverifierdaily","\Microsoft\Windows\ApplicationData\"
"ScheduledTasks","appuriverifierinstall","\Microsoft\Windows\ApplicationData\"
"ScheduledTasks","CleanupTemporaryState","\Microsoft\Windows\ApplicationData\"
"ScheduledTasks","DsSvcCleanup","\Microsoft\Windows\ApplicationData\"
"ScheduledTasks","Pre-staged app cleanup","\Microsoft\Windows\AppxDeploymentClient\"
"ScheduledTasks","Proxy","\Microsoft\Windows\Autochk\"
"ScheduledTasks","BitLocker Encrypt All Drives","\Microsoft\Windows\BitLocker\"
"ScheduledTasks","BitLocker MDM policy Refresh","\Microsoft\Windows\BitLocker\"
"ScheduledTasks","UninstallDeviceTask","\Microsoft\Windows\Bluetooth\"
"ScheduledTasks","BgTaskRegistrationMaintenanceTask","\Microsoft\Windows\BrokerInfrastructure\"
"ScheduledTasks","AikCertEnrollTask","\Microsoft\Windows\CertificateServicesClient\"
"ScheduledTasks","CryptoPolicyTask","\Microsoft\Windows\CertificateServicesClient\"
"ScheduledTasks","KeyPreGenTask","\Microsoft\Windows\CertificateServicesClient\"
"ScheduledTasks","SystemTask","\Microsoft\Windows\CertificateServicesClient\"
"ScheduledTasks","UserTask","\Microsoft\Windows\CertificateServicesClient\"
"ScheduledTasks","UserTask-Roam","\Microsoft\Windows\CertificateServicesClient\"
"ScheduledTasks","ProactiveScan","\Microsoft\Windows\Chkdsk\"
"ScheduledTasks","SyspartRepair","\Microsoft\Windows\Chkdsk\"
"ScheduledTasks","License Validation","\Microsoft\Windows\Clip\"
"ScheduledTasks","CreateObjectTask","\Microsoft\Windows\CloudExperienceHost\"
"ScheduledTasks","Consolidator","\Microsoft\Windows\Customer Experience Improvement Program\"
"ScheduledTasks","UsbCeip","\Microsoft\Windows\Customer Experience Improvement Program\"
"ScheduledTasks","Data Integrity Check And Scan","\Microsoft\Windows\Data Integrity Scan\"
"ScheduledTasks","Data Integrity Scan","\Microsoft\Windows\Data Integrity Scan\"
"ScheduledTasks","Data Integrity Scan for Crash Recovery","\Microsoft\Windows\Data Integrity Scan\"
"ScheduledTasks","ScheduledDefrag","\Microsoft\Windows\Defrag\"
"ScheduledTasks","Device","\Microsoft\Windows\Device Information\"
"ScheduledTasks","Device User","\Microsoft\Windows\Device Information\"
"ScheduledTasks","Metadata Refresh","\Microsoft\Windows\Device Setup\"
"ScheduledTasks","Scheduled","\Microsoft\Windows\Diagnosis\"
"ScheduledTasks","DirectXDatabaseUpdater","\Microsoft\Windows\DirectX\"
"ScheduledTasks","DXGIAdapterCache","\Microsoft\Windows\DirectX\"
"ScheduledTasks","SilentCleanup","\Microsoft\Windows\DiskCleanup\"
"ScheduledTasks","Microsoft-Windows-DiskDiagnosticDataCollector","\Microsoft\Windows\DiskDiagnostic\"
"ScheduledTasks","Microsoft-Windows-DiskDiagnosticResolver","\Microsoft\Windows\DiskDiagnostic\"
"ScheduledTasks","Diagnostics","\Microsoft\Windows\DiskFootprint\"
"ScheduledTasks","StorageSense","\Microsoft\Windows\DiskFootprint\"
"ScheduledTasks","EDP App Launch Task","\Microsoft\Windows\EDP\"
"ScheduledTasks","EDP Auth Task","\Microsoft\Windows\EDP\"
"ScheduledTasks","EDP Inaccessible Credentials Task","\Microsoft\Windows\EDP\"
"ScheduledTasks","StorageCardEncryption Task","\Microsoft\Windows\EDP\"
"ScheduledTasks","ExploitGuard MDM policy Refresh","\Microsoft\Windows\ExploitGuard\"
"ScheduledTasks","Property Definition Sync","\Microsoft\Windows\File Classification Infrastructure\"
"ScheduledTasks","ReconcileFeatures","\Microsoft\Windows\Flighting\FeatureConfig\"
"ScheduledTasks","UsageDataFlushing","\Microsoft\Windows\Flighting\FeatureConfig\"
"ScheduledTasks","UsageDataReporting","\Microsoft\Windows\Flighting\FeatureConfig\"
"ScheduledTasks","RefreshCache","\Microsoft\Windows\Flighting\OneSettings\"
"ScheduledTasks","LocalUserSyncDataAvailable","\Microsoft\Windows\Input\"
"ScheduledTasks","MouseSyncDataAvailable","\Microsoft\Windows\Input\"
"ScheduledTasks","PenSyncDataAvailable","\Microsoft\Windows\Input\"
"ScheduledTasks","TouchpadSyncDataAvailable","\Microsoft\Windows\Input\"
"ScheduledTasks","ScanForUpdates","\Microsoft\Windows\InstallService\"
"ScheduledTasks","ScanForUpdatesAsUser","\Microsoft\Windows\InstallService\"
"ScheduledTasks","SmartRetry","\Microsoft\Windows\InstallService\"
"ScheduledTasks","WakeUpAndContinueUpdates","\Microsoft\Windows\InstallService\"
"ScheduledTasks","WakeUpAndScanForUpdates","\Microsoft\Windows\InstallService\"
"ScheduledTasks","Synchronize Language Settings","\Microsoft\Windows\International\"
"ScheduledTasks","Installation","\Microsoft\Windows\LanguageComponentsInstaller\"
"ScheduledTasks","Uninstallation","\Microsoft\Windows\LanguageComponentsInstaller\"
"ScheduledTasks","TempSignedLicenseExchange","\Microsoft\Windows\License Manager\"
"ScheduledTasks","Notifications","\Microsoft\Windows\Location\"
"ScheduledTasks","WindowsActionDialog","\Microsoft\Windows\Location\"
"ScheduledTasks","WinSAT","\Microsoft\Windows\Maintenance\"
"ScheduledTasks","MapsToastTask","\Microsoft\Windows\Maps\"
"ScheduledTasks","MapsUpdateTask","\Microsoft\Windows\Maps\"
"ScheduledTasks","ProcessMemoryDiagnosticEvents","\Microsoft\Windows\MemoryDiagnostic\"
"ScheduledTasks","RunFullMemoryDiagnostic","\Microsoft\Windows\MemoryDiagnostic\"
"ScheduledTasks","LPRemove","\Microsoft\Windows\MUI\"
"ScheduledTasks","SystemSoundsService","\Microsoft\Windows\Multimedia\"
"ScheduledTasks","GatherNetworkInfo","\Microsoft\Windows\NetTrace\"
"ScheduledTasks","SDN Diagnostics Task","\Microsoft\Windows\Network Controller\"
"ScheduledTasks","Background Synchronization","\Microsoft\Windows\Offline Files\"
"ScheduledTasks","Logon Synchronization","\Microsoft\Windows\Offline Files\"
"ScheduledTasks","Secure-Boot-Update","\Microsoft\Windows\PI\"
"ScheduledTasks","Sqm-Tasks","\Microsoft\Windows\PI\"
"ScheduledTasks","Server Manager Performance Monitor","\Microsoft\Windows\PLA\"
"ScheduledTasks","Device Install Group Policy","\Microsoft\Windows\Plug and Play\"
"ScheduledTasks","Device Install Reboot Required","\Microsoft\Windows\Plug and Play\"
"ScheduledTasks","Sysprep Generalize Drivers","\Microsoft\Windows\Plug and Play\"
"ScheduledTasks","AnalyzeSystem","\Microsoft\Windows\Power Efficiency Diagnostics\"
"ScheduledTasks","LoginCheck","\Microsoft\Windows\PushToInstall\"
"ScheduledTasks","Registration","\Microsoft\Windows\PushToInstall\"
"ScheduledTasks","MobilityManager","\Microsoft\Windows\Ras\"
"ScheduledTasks","VerifyWinRE","\Microsoft\Windows\RecoveryEnvironment\"
"ScheduledTasks","RegIdleBackup","\Microsoft\Windows\Registry\"
"ScheduledTasks","CleanupOldPerfLogs","\Microsoft\Windows\Server Manager\"
"ScheduledTasks","ServerManager","\Microsoft\Windows\Server Manager\"
"ScheduledTasks","StartComponentCleanup","\Microsoft\Windows\Servicing\"
"ScheduledTasks","Account Cleanup","\Microsoft\Windows\SharedPC\"
"ScheduledTasks","CreateObjectTask","\Microsoft\Windows\Shell\"
"ScheduledTasks","IndexerAutomaticMaintenance","\Microsoft\Windows\Shell\"
"ScheduledTasks","UpdateUserPictureTask","\Microsoft\Windows\Shell\"
"ScheduledTasks","Collection","\Microsoft\Windows\Software Inventory Logging\"
"ScheduledTasks","Configuration","\Microsoft\Windows\Software Inventory Logging\"
"ScheduledTasks","SvcRestartTask","\Microsoft\Windows\SoftwareProtectionPlatform\"
"ScheduledTasks","SvcRestartTaskLogon","\Microsoft\Windows\SoftwareProtectionPlatform\"
"ScheduledTasks","SvcRestartTaskNetwork","\Microsoft\Windows\SoftwareProtectionPlatform\"
"ScheduledTasks","SpaceAgentTask","\Microsoft\Windows\SpacePort\"
"ScheduledTasks","SpaceManagerTask","\Microsoft\Windows\SpacePort\"
"ScheduledTasks","SpeechModelDownloadTask","\Microsoft\Windows\Speech\"
"ScheduledTasks","MaintenanceTasks","\Microsoft\Windows\StateRepository\"
"ScheduledTasks","Storage Tiers Management Initialization","\Microsoft\Windows\Storage Tiers Management\"
"ScheduledTasks","Storage Tiers Optimization","\Microsoft\Windows\Storage Tiers Management\"
"ScheduledTasks","Interactive","\Microsoft\Windows\Task Manager\"
"ScheduledTasks","MsCtfMonitor","\Microsoft\Windows\TextServicesFramework\"
"ScheduledTasks","ForceSynchronizeTime","\Microsoft\Windows\Time Synchronization\"
"ScheduledTasks","SynchronizeTime","\Microsoft\Windows\Time Synchronization\"
"ScheduledTasks","SynchronizeTimeZone","\Microsoft\Windows\Time Zone\"
"ScheduledTasks","Tpm-HASCertRetr","\Microsoft\Windows\TPM\"
"ScheduledTasks","Tpm-Maintenance","\Microsoft\Windows\TPM\"
"ScheduledTasks","MusUx_UpdateInterval","\Microsoft\Windows\UpdateOrchestrator\"
"ScheduledTasks","Reboot_AC","\Microsoft\Windows\UpdateOrchestrator\"
"ScheduledTasks","Report policies","\Microsoft\Windows\UpdateOrchestrator\"
"ScheduledTasks","Schedule Maintenance Work","\Microsoft\Windows\UpdateOrchestrator\"
"ScheduledTasks","Schedule Scan","\Microsoft\Windows\UpdateOrchestrator\"
"ScheduledTasks","Schedule Scan Static Task","\Microsoft\Windows\UpdateOrchestrator\"
"ScheduledTasks","Schedule Wake To Work","\Microsoft\Windows\UpdateOrchestrator\"
"ScheduledTasks","Schedule Work","\Microsoft\Windows\UpdateOrchestrator\"
"ScheduledTasks","USO_UxBroker","\Microsoft\Windows\UpdateOrchestrator\"
"ScheduledTasks","UUS Failover Task","\Microsoft\Windows\UpdateOrchestrator\"
"ScheduledTasks","UPnPHostConfig","\Microsoft\Windows\UPnP\"
"ScheduledTasks","HiveUploadTask","\Microsoft\Windows\User Profile Service\"
"ScheduledTasks","PerformRemediation","\Microsoft\Windows\WaaSMedic\"
"ScheduledTasks","ResolutionHost","\Microsoft\Windows\WDI\"
"ScheduledTasks","Windows Defender Cache Maintenance","\Microsoft\Windows\Windows Defender\"
"ScheduledTasks","Windows Defender Cleanup","\Microsoft\Windows\Windows Defender\"
"ScheduledTasks","Windows Defender Scheduled Scan","\Microsoft\Windows\Windows Defender\"
"ScheduledTasks","Windows Defender Verification","\Microsoft\Windows\Windows Defender\"
"ScheduledTasks","QueueReporting","\Microsoft\Windows\Windows Error Reporting\"
"ScheduledTasks","BfeOnServiceStartTypeChange","\Microsoft\Windows\Windows Filtering Platform\"
"ScheduledTasks","UpdateLibrary","\Microsoft\Windows\Windows Media Sharing\"
"ScheduledTasks","Calibration Loader","\Microsoft\Windows\WindowsColorSystem\"
"ScheduledTasks","Scheduled Start","\Microsoft\Windows\WindowsUpdate\"
"ScheduledTasks","CacheTask","\Microsoft\Windows\Wininet\"
"ScheduledTasks","Automatic-Device-Join","\Microsoft\Windows\Workplace Join\"
"ScheduledTasks","Device-Sync","\Microsoft\Windows\Workplace Join\"
"ScheduledTasks","Recovery-Check","\Microsoft\Windows\Workplace Join\"
"ScheduledTasks","OobeDiscovery","\Microsoft\Windows\WwanSvc\"
"InterestingFiles","C:\Windows\System32\drivers\etc\hosts","824"
"InterestingFiles","C:\Windows\System32\drivers\etc\services","17635"
"InterestingFiles","C:\Windows\Tasks","1"
"AutoLogon","Credentials","User=;Domain=;Password="
"UnattendedInstalls","UnattendFile",
"AlwaysInstallElevated","HKLM:\SOFTWARE\Policies\Microsoft\Windows\Installer",""
"AlwaysInstallElevated","HKCU:\SOFTWARE\Policies\Microsoft\Windows\Installer",""
"VSSWriters","Writer name","'Task Scheduler Writer'"
"VSSWriters","Writer name","'VSS Metadata Store Writer'"
"VSSWriters","Writer name","'Performance Counters Writer'"
"VSSWriters","Writer name","'System Writer'"
"VSSWriters","Writer name","'WMI Writer'"
"VSSWriters","Writer name","'ASR Writer'"
"VSSWriters","Writer name","'DFS Replication service writer'"
"VSSWriters","Writer name","'Registry Writer'"
"VSSWriters","Writer name","'NTDS'"
"VSSWriters","Writer name","'Shadow Copy Optimization Writer'"
"VSSWriters","Writer name","'COM+ REGDB Writer'"
"CurrentUserGroups","","Everyone"
"CurrentUserGroups","Mandatory group, Enabled by default, Enabled group, Group owner","BUILTIN\Administrators"
"CurrentUserGroups","","BUILTIN\Users"
"CurrentUserGroups","","BUILTIN\Pre-Windows 2000 Compatible Access"
"CurrentUserGroups","","NT AUTHORITY\NETWORK"
"CurrentUserGroups","","NT AUTHORITY\Authenticated Users"
"CurrentUserGroups","","NT AUTHORITY\This Organization"
"CurrentUserGroups","","KENTEST\Group Policy Creator Owners"
"CurrentUserGroups","","KENTEST\Domain Admins"
"CurrentUserGroups","","KENTEST\Schema Admins"
"CurrentUserGroups","","KENTEST\Enterprise Admins"
"CurrentUserGroups","S-1-5-21-591775354-1498930417-4130056636-572 Mandatory group, Enabled by default, Enabled group, Local Group","KENTEST\Denied RODC Password Replication Group Alias"
"CurrentUserGroups","","NT AUTHORITY\NTLM Authentication"
"CurrentUserGroups","","Mandatory Label\High Mandatory Level"

